police	280	lapd1	VOICE_EMG_LAPD1|VOICE_EMG_LAPD8	28	-1	-1	-1	-1	-1	-1	-1	-1	-1	1	13	0	0	0
police	280	lapd1	VOICE_EMG_LAPD1|VOICE_EMG_LAPD8	344	-1	-1	-1	-1	-1	-1	-1	-1	-1	1	13	0	0	0
police	280	lapd1	VOICE_EMG_LAPD1|VOICE_EMG_LAPD8	199	-1	-1	-1	-1	-1	-1	-1	-1	-1	1	13	0	0	0
police	280	lapd1	VOICE_EMG_LAPD1|VOICE_EMG_LAPD8	345	-1	-1	-1	-1	-1	-1	-1	-1	-1	1	13	0	0	0
ballas	104	BALLAS3	VOICE_GNG_BALLAS5	4	-1	-1	-1	-1	-1	-1	-1	-1	-1	3	4	0	0	0
ballas	104	BALLAS3	VOICE_GNG_BALLAS5	45	-1	-1	-1	-1	-1	-1	-1	-1	-1	3	4	0	0	0
police	280	lapd1	VOICE_EMG_LAPD1|VOICE_EMG_LAPD8	89	-1	-1	-1	-1	-1	-1	-1	-1	-1	1	13	0	0	0
ballas	103	BALLAS2	VOICE_GNG_BALLAS3|VOICE_GNG_BALLAS4	28	-1	-1	-1	-1	-1	-1	-1	-1	-1	3	3	0	0	0
ballas	103	BALLAS2	VOICE_GNG_BALLAS3|VOICE_GNG_BALLAS4	344	-1	-1	-1	-1	-1	-1	-1	-1	-1	3	3	0	0	0
police	280	lapd1	VOICE_EMG_LAPD1|VOICE_EMG_LAPD8	74	-1	-1	-1	-1	-1	-1	-1	-1	-1	1	13	0	0	0
police	280	lapd1	VOICE_EMG_LAPD1|VOICE_EMG_LAPD8	220	-1	-1	-1	-1	-1	-1	-1	-1	-1	1	13	0	0	0
police	280	lapd1	VOICE_EMG_LAPD1|VOICE_EMG_LAPD8	342	-1	-1	-1	-1	-1	-1	-1	-1	-1	1	13	0	0	0
police	284	lapdm1	VOICE_EMG_MCOP1|VOICE_EMG_MCOP6	220	-1	-1	-1	-1	-1	-1	-1	-1	-1	1	26	0	0	0
police	284	lapdm1	VOICE_EMG_MCOP1|VOICE_EMG_MCOP6	344	-1	-1	-1	-1	-1	-1	-1	-1	-1	1	26	0	0	0
police	284	lapdm1	VOICE_EMG_MCOP1|VOICE_EMG_MCOP6	28	-1	-1	-1	-1	-1	-1	-1	-1	-1	1	26	0	0	0
police	280	lapd1	VOICE_EMG_LAPD1|VOICE_EMG_LAPD8	43	-1	-1	-1	-1	-1	-1	-1	-1	-1	1	14	0	0	0
ballas	104	BALLAS3	VOICE_GNG_BALLAS5	345	-1	-1	-1	-1	-1	-1	-1	-1	-1	3	4	0	0	0
ballas	104	BALLAS3	VOICE_GNG_BALLAS5	340	-1	-1	-1	-1	-1	-1	-1	-1	-1	3	4	0	0	0
ballas	104	BALLAS3	VOICE_GNG_BALLAS5	344	-1	-1	-1	-1	-1	-1	-1	-1	-1	3	4	0	0	0
police	280	lapd1	VOICE_EMG_LAPD1|VOICE_EMG_LAPD8	144	-1	-1	-1	-1	-1	-1	-1	-1	-1	1	14	0	0	0
police	280	lapd1	VOICE_EMG_LAPD1|VOICE_EMG_LAPD8	340	-1	-1	-1	-1	-1	-1	-1	-1	-1	1	15	0	0	0
ballas	103	BALLAS2	VOICE_GNG_BALLAS3|VOICE_GNG_BALLAS4	342	-1	-1	-1	-1	-1	-1	-1	-1	-1	3	3	0	0	0
police	280	lapd1	VOICE_EMG_LAPD1|VOICE_EMG_LAPD8	67	-1	-1	-1	-1	-1	-1	-1	-1	-1	1	16	0	0	0
ballas	104	BALLAS3	VOICE_GNG_BALLAS5	22	-1	-1	-1	-1	-1	-1	-1	-1	-1	3	4	0	0	0
ballas	103	BALLAS2	VOICE_GNG_BALLAS3|VOICE_GNG_BALLAS4	74	-1	-1	-1	-1	-1	-1	-1	-1	-1	3	2	0	0	0
ballas	102	BALLAS1	VOICE_GNG_BALLAS1|VOICE_GNG_BALLAS2	67	-1	-1	-1	-1	-1	-1	-1	-1	-1	3	0	0	0	0
ballas	102	BALLAS1	VOICE_GNG_BALLAS1|VOICE_GNG_BALLAS2	22	-1	-1	-1	-1	-1	-1	-1	-1	-1	3	0	0	0	0
ballas	103	BALLAS2	VOICE_GNG_BALLAS3|VOICE_GNG_BALLAS4	347	-1	-1	-1	-1	-1	-1	-1	-1	-1	3	2	0	0	0
ballas	103	BALLAS2	VOICE_GNG_BALLAS3|VOICE_GNG_BALLAS4	343	-1	-1	-1	-1	-1	-1	-1	-1	-1	3	2	0	0	0
ballas	104	BALLAS3	VOICE_GNG_BALLAS5	74	-1	-1	-1	-1	-1	-1	-1	-1	-1	3	4	0	0	0
ballas	104	BALLAS3	VOICE_GNG_BALLAS5	28	-1	-1	-1	-1	-1	-1	-1	-1	-1	3	4	0	0	0
ballas	104	BALLAS3	VOICE_GNG_BALLAS5	67	-1	-1	-1	-1	-1	-1	-1	-1	-1	3	4	0	0	0
ballas	104	BALLAS3	VOICE_GNG_BALLAS5	343	-1	-1	-1	-1	-1	-1	-1	-1	-1	3	4	0	0	0
ballas	102	BALLAS1	VOICE_GNG_BALLAS1|VOICE_GNG_BALLAS2	43	-1	-1	-1	-1	-1	-1	-1	-1	-1	3	1	0	0	0
ballas	104	BALLAS3	VOICE_GNG_BALLAS5	23	-1	-1	-1	-1	-1	-1	-1	-1	-1	3	4	0	0	0
ballas	103	BALLAS2	VOICE_GNG_BALLAS3|VOICE_GNG_BALLAS4	252	-1	-1	-1	-1	-1	-1	-1	-1	-1	3	2	0	0	0
ballas	102	BALLAS1	VOICE_GNG_BALLAS1|VOICE_GNG_BALLAS2	28	-1	-1	-1	-1	-1	-1	-1	-1	-1	3	0	0	0	0
ballas	103	BALLAS2	VOICE_GNG_BALLAS3|VOICE_GNG_BALLAS4	56	-1	-1	-1	-1	-1	-1	-1	-1	-1	3	2	0	0	0
ballas	102	BALLAS1	VOICE_GNG_BALLAS1|VOICE_GNG_BALLAS2	343	-1	-1	-1	-1	-1	-1	-1	-1	-1	3	0	0	0	0
police	284	lapdm1	VOICE_EMG_MCOP1|VOICE_EMG_MCOP6	345	-1	-1	-1	-1	-1	-1	-1	-1	-1	1	28	0	0	0
ballas	103	BALLAS2	VOICE_GNG_BALLAS3|VOICE_GNG_BALLAS4	345	-1	-1	-1	-1	-1	-1	-1	-1	-1	3	3	0	0	0
police	284	lapdm1	VOICE_EMG_MCOP1|VOICE_EMG_MCOP6	74	-1	-1	-1	-1	-1	-1	-1	-1	-1	1	28	0	0	0
ballas	103	BALLAS2	VOICE_GNG_BALLAS3|VOICE_GNG_BALLAS4	251	-1	-1	-1	-1	-1	-1	-1	-1	-1	3	3	0	0	0
police	280	lapd1	VOICE_EMG_LAPD1|VOICE_EMG_LAPD8	343	-1	-1	-1	-1	-1	-1	-1	-1	-1	1	19	0	0	0
ballas	102	BALLAS1	VOICE_GNG_BALLAS1|VOICE_GNG_BALLAS2	258	-1	-1	-1	-1	-1	-1	-1	-1	-1	3	0	0	0	0
police	280	lapd1	VOICE_EMG_LAPD1|VOICE_EMG_LAPD8	199	-1	-1	-1	-1	-1	-1	-1	-1	-1	1	13	0	0	0
ballas	103	BALLAS2	VOICE_GNG_BALLAS3|VOICE_GNG_BALLAS4	23	-1	-1	-1	-1	-1	-1	-1	-1	-1	3	2	0	0	0
ballas	103	BALLAS2	VOICE_GNG_BALLAS3|VOICE_GNG_BALLAS4	24	-1	-1	-1	-1	-1	-1	-1	-1	-1	3	3	0	0	0
ballas	103	BALLAS2	VOICE_GNG_BALLAS3|VOICE_GNG_BALLAS4	89	-1	-1	-1	-1	-1	-1	-1	-1	-1	3	2	0	0	0
ballas	103	BALLAS2	VOICE_GNG_BALLAS3|VOICE_GNG_BALLAS4	28	-1	-1	-1	-1	-1	-1	-1	-1	-1	3	3	0	0	0
police	284	lapdm1	VOICE_EMG_MCOP1|VOICE_EMG_MCOP6	199	-1	-1	-1	-1	-1	-1	-1	-1	-1	1	26	0	0	0
ballas	103	BALLAS2	VOICE_GNG_BALLAS3|VOICE_GNG_BALLAS4	344	-1	-1	-1	-1	-1	-1	-1	-1	-1	3	3	0	0	0
ballas	103	BALLAS2	VOICE_GNG_BALLAS3|VOICE_GNG_BALLAS4	74	-1	-1	-1	-1	-1	-1	-1	-1	-1	3	2	0	0	0
police	284	lapdm1	VOICE_EMG_MCOP1|VOICE_EMG_MCOP6	344	-1	-1	-1	-1	-1	-1	-1	-1	-1	1	26	0	0	0
police	284	lapdm1	VOICE_EMG_MCOP1|VOICE_EMG_MCOP6	345	-1	-1	-1	-1	-1	-1	-1	-1	-1	1	26	0	0	0
ballas	103	BALLAS2	VOICE_GNG_BALLAS3|VOICE_GNG_BALLAS4	22	641	24	-1	-1	-1	7	24	1641	1148	3	3	0	-30.33	1
police	280	lapd1	VOICE_EMG_LAPD1|VOICE_EMG_LAPD8	344	-1	-1	-1	-1	-1	-1	-1	-1	-1	1	14	0	0	0
police	280	lapd1	VOICE_EMG_LAPD1|VOICE_EMG_LAPD8	345	-1	-1	-1	-1	-1	-1	-1	-1	-1	1	14	0	0	0
ballas	103	BALLAS2	VOICE_GNG_BALLAS3|VOICE_GNG_BALLAS4	345	-1	-1	-1	-1	-1	-1	-1	-1	-1	3	2	0	0	0
police	280	lapd1	VOICE_EMG_LAPD1|VOICE_EMG_LAPD8	89	-1	-1	-1	-1	-1	-1	-1	-1	-1	1	15	0	0	0
ballas	103	BALLAS2	VOICE_GNG_BALLAS3|VOICE_GNG_BALLAS4	43	-1	-1	-1	-1	-1	-1	-1	-1	-1	3	3	0	0	0
police	280	lapd1	VOICE_EMG_LAPD1|VOICE_EMG_LAPD8	343	-1	-1	-1	-1	-1	-1	-1	-1	-1	1	15	0	0	0
ballas	103	BALLAS2	VOICE_GNG_BALLAS3|VOICE_GNG_BALLAS4	144	-1	-1	-1	-1	-1	-1	-1	-1	-1	3	3	0	0	0
ballas	103	BALLAS2	VOICE_GNG_BALLAS3|VOICE_GNG_BALLAS4	65	-1	-1	-1	-1	-1	-1	-1	-1	-1	3	3	0	0	0
ballas	103	BALLAS2	VOICE_GNG_BALLAS3|VOICE_GNG_BALLAS4	342	-1	-1	-1	-1	-1	-1	-1	-1	-1	3	2	0	0	0
ballas	102	BALLAS1	VOICE_GNG_BALLAS1|VOICE_GNG_BALLAS2	22	639	21	-1	-1	-1	7	29	1832	830	3	1	0	-29.5552	1
ballas	104	BALLAS3	VOICE_GNG_BALLAS5	43	-1	-1	-1	-1	-1	-1	-1	-1	-1	3	4	0	0	0
ballas	104	BALLAS3	VOICE_GNG_BALLAS5	28	-1	-1	-1	-1	-1	-1	-1	-1	-1	3	4	0	0	0
police	284	lapdm1	VOICE_EMG_MCOP1|VOICE_EMG_MCOP6	220	-1	-1	-1	-1	-1	-1	-1	-1	-1	1	27	0	0	0
ballas	104	BALLAS3	VOICE_GNG_BALLAS5	344	-1	-1	-1	-1	-1	-1	-1	-1	-1	3	4	0	0	0
police	284	lapdm1	VOICE_EMG_MCOP1|VOICE_EMG_MCOP6	28	-1	-1	-1	-1	-1	-1	-1	-1	-1	1	27	0	0	0
ballas	102	BALLAS1	VOICE_GNG_BALLAS1|VOICE_GNG_BALLAS2	144	-1	-1	-1	-1	-1	-1	-1	-1	-1	3	1	0	0	0
police	284	lapdm1	VOICE_EMG_MCOP1|VOICE_EMG_MCOP6	343	-1	-1	-1	-1	-1	-1	-1	-1	-1	1	27	0	0	0
police	284	lapdm1	VOICE_EMG_MCOP1|VOICE_EMG_MCOP6	13	-1	-1	-1	-1	-1	-1	-1	-1	-1	1	28	0	0	0
police	280	lapd1	VOICE_EMG_LAPD1|VOICE_EMG_LAPD8	220	-1	-1	-1	-1	-1	-1	-1	-1	-1	1	14	0	0	0
police	280	lapd1	VOICE_EMG_LAPD1|VOICE_EMG_LAPD8	28	-1	-1	-1	-1	-1	-1	-1	-1	-1	1	14	0	0	0
police	280	lapd1	VOICE_EMG_LAPD1|VOICE_EMG_LAPD8	43	-1	-1	-1	-1	-1	-1	-1	-1	-1	1	15	0	0	0
police	280	lapd1	VOICE_EMG_LAPD1|VOICE_EMG_LAPD8	45	-1	-1	-1	-1	-1	-1	-1	-1	-1	1	19	0	0	0
police	280	lapd1	VOICE_EMG_LAPD1|VOICE_EMG_LAPD8	144	-1	-1	-1	-1	-1	-1	-1	-1	-1	1	17	0	0	0
ballas	102	BALLAS1	VOICE_GNG_BALLAS1|VOICE_GNG_BALLAS2	23	-1	-1	-1	-1	-1	-1	-1	-1	-1	3	1	0	0	0
ballas	104	BALLAS3	VOICE_GNG_BALLAS5	120	-1	-1	-1	-1	-1	-1	-1	-1	-1	3	4	0	0	0
ballas	104	BALLAS3	VOICE_GNG_BALLAS5	89	-1	-1	-1	-1	-1	-1	-1	-1	-1	3	4	0	0	0
ballas	104	BALLAS3	VOICE_GNG_BALLAS5	28	-1	-1	-1	-1	-1	-1	-1	-1	-1	3	4	0	0	0
ambient	227	ped_227	voice_type_0|voice_id_114|gender_0	45	-1	-1	-1	-1	-1	-1	-1	-1	-1	0	114	0	0	0
police	284	lapdm1	VOICE_EMG_MCOP1|VOICE_EMG_MCOP6	66	-1	-1	-1	-1	-1	-1	-1	-1	-1	1	26	0	0	0
ambient	261	ped_261	voice_type_0|voice_id_186|gender_0	67	-1	-1	-1	-1	-1	-1	-1	-1	-1	0	186	0	0	0
police	284	lapdm1	VOICE_EMG_MCOP1|VOICE_EMG_MCOP6	345	-1	-1	-1	-1	-1	-1	-1	-1	-1	1	26	0	0	0
ambient	227	ped_227	voice_type_0|voice_id_114|gender_0	347	-1	-1	-1	-1	-1	-1	-1	-1	-1	0	114	0	0	0
ambient	69	ped_69	voice_type_0|voice_id_93|gender_1	347	-1	-1	-1	-1	-1	-1	-1	-1	-1	0	93	1	0	0
ambient	229	ped_229	voice_type_0|voice_id_116|gender_0	347	-1	-1	-1	-1	-1	-1	-1	-1	-1	0	116	0	0	0
ballas	104	BALLAS3	VOICE_GNG_BALLAS5	68	-1	-1	-1	-1	-1	-1	-1	-1	-1	3	4	0	0	0
ambient	227	ped_227	voice_type_0|voice_id_114|gender_0	74	-1	-1	-1	-1	-1	-1	-1	-1	-1	0	114	0	0	0
ambient	227	ped_227	voice_type_0|voice_id_114|gender_0	342	-1	-1	-1	-1	-1	-1	-1	-1	-1	0	114	0	0	0
ambient	41	ped_41	voice_type_0|voice_id_63|gender_1	66	-1	-1	-1	-1	-1	-1	-1	-1	-1	0	63	1	0	0
ambient	41	ped_41	voice_type_0|voice_id_63|gender_1	345	-1	-1	-1	-1	-1	-1	-1	-1	-1	0	63	1	0	0
ambient	41	ped_41	voice_type_0|voice_id_63|gender_1	347	-1	-1	-1	-1	-1	-1	-1	-1	-1	0	63	1	0	0
ambient	58	ped_58	voice_type_0|voice_id_86|gender_0	347	-1	-1	-1	-1	-1	-1	-1	-1	-1	0	86	0	0	0
police	280	lapd1	VOICE_EMG_LAPD1|VOICE_EMG_LAPD8	45	-1	-1	-1	-1	-1	-1	-1	-1	-1	1	15	0	0	0
ballas	104	BALLAS3	VOICE_GNG_BALLAS5	22	642	22	-1	-1	-1	7	59	1629	707	3	4	0	-20.6842	1
ambient	59	ped_59	voice_type_0|voice_id_87|gender_0	347	-1	-1	-1	-1	-1	-1	-1	-1	-1	0	87	0	0	0
ambient	44	ped_44	voice_type_0|voice_id_65|gender_0	347	-1	-1	-1	-1	-1	-1	-1	-1	-1	0	65	0	0	0
ambient	29	ped_29	voice_type_0|voice_id_192|gender_0	347	-1	-1	-1	-1	-1	-1	-1	-1	-1	0	192	0	0	0
police	280	lapd1	VOICE_EMG_LAPD1|VOICE_EMG_LAPD8	344	-1	-1	-1	-1	-1	-1	-1	-1	-1	1	15	0	0	0
police	280	lapd1	VOICE_EMG_LAPD1|VOICE_EMG_LAPD8	345	-1	-1	-1	-1	-1	-1	-1	-1	-1	1	15	0	0	0
ambient	95	ped_95	voice_type_0|voice_id_178|gender_0	347	-1	-1	-1	-1	-1	-1	-1	-1	-1	0	178	0	0	0
ambient	141	ped_141	voice_type_0|voice_id_111|gender_1	347	-1	-1	-1	-1	-1	-1	-1	-1	-1	0	111	1	0	0
ballas	104	BALLAS3	VOICE_GNG_BALLAS5	344	-1	-1	-1	-1	-1	-1	-1	-1	-1	3	4	0	0	0
ambient	46	ped_46	voice_type_0|voice_id_70|gender_0	347	-1	-1	-1	-1	-1	-1	-1	-1	-1	0	70	0	0	0
ambient	147	ped_147	voice_type_0|voice_id_185|gender_0	347	-1	-1	-1	-1	-1	-1	-1	-1	-1	0	185	0	0	0
ambient	241	ped_241	voice_type_0|voice_id_107|gender_0	347	-1	-1	-1	-1	-1	-1	-1	-1	-1	0	107	0	0	0
ambient	89	ped_89	voice_type_0|voice_id_161|gender_1	347	-1	-1	-1	-1	-1	-1	-1	-1	-1	0	161	1	0	0
ambient	100	ped_100	voice_type_0|voice_id_191|gender_0	347	-1	-1	-1	-1	-1	-1	-1	-1	-1	0	191	0	0	0
ambient	78	ped_78	voice_type_0|voice_id_179|gender_0	347	-1	-1	-1	-1	-1	-1	-1	-1	-1	0	179	0	0	0
ambient	95	ped_95	voice_type_0|voice_id_178|gender_0	343	-1	-1	-1	-1	-1	-1	-1	-1	-1	0	178	0	0	0
ambient	261	ped_261	voice_type_0|voice_id_186|gender_0	22	-1	-1	-1	-1	-1	-1	-1	-1	-1	0	186	0	0	0
ambient	56	ped_56	voice_type_0|voice_id_82|gender_1	166	-1	-1	-1	-1	-1	-1	-1	-1	-1	0	82	1	0	0
ambient	242	ped_242	voice_type_0|voice_id_108|gender_0	165	-1	-1	-1	-1	-1	-1	-1	-1	-1	0	108	0	0	0
ambient	56	ped_56	voice_type_0|voice_id_82|gender_1	171	-1	-1	-1	-1	-1	-1	-1	-1	-1	0	82	1	0	0
ambient	152	ped_152	voice_type_0|voice_id_168|gender_1	344	-1	-1	-1	-1	-1	-1	-1	-1	-1	0	168	1	0	0
ambient	58	ped_58	voice_type_0|voice_id_86|gender_0	344	-1	-1	-1	-1	-1	-1	-1	-1	-1	0	86	0	0	0
ambient	58	ped_58	voice_type_0|voice_id_86|gender_0	45	-1	-1	-1	-1	-1	-1	-1	-1	-1	0	86	0	0	0
ambient	58	ped_58	voice_type_0|voice_id_86|gender_0	181	-1	-1	-1	-1	-1	-1	-1	-1	-1	0	86	0	0	0
police	280	lapd1	VOICE_EMG_LAPD1|VOICE_EMG_LAPD8	28	-1	-1	-1	-1	-1	-1	-1	-1	-1	1	20	0	0	0
ambient	13	ped_13	voice_type_0|voice_id_9|gender_1	166	-1	-1	-1	-1	-1	-1	-1	-1	-1	0	9	1	0	0
ambient	13	ped_13	voice_type_0|voice_id_9|gender_1	171	-1	-1	-1	-1	-1	-1	-1	-1	-1	0	9	1	0	0
ambient	242	ped_242	voice_type_0|voice_id_108|gender_0	164	-1	-1	-1	-1	-1	-1	-1	-1	-1	0	108	0	0	0
ambient	13	ped_13	voice_type_0|voice_id_9|gender_1	28	-1	-1	-1	-1	-1	-1	-1	-1	-1	0	9	1	0	0
ambient	22	ped_22	voice_type_0|voice_id_32|gender_0	345	-1	-1	-1	-1	-1	-1	-1	-1	-1	0	32	0	0	0
police	280	lapd1	VOICE_EMG_LAPD1|VOICE_EMG_LAPD8	199	-1	-1	-1	-1	-1	-1	-1	-1	-1	1	20	0	0	0
ambient	13	ped_13	voice_type_0|voice_id_9|gender_1	344	-1	-1	-1	-1	-1	-1	-1	-1	-1	0	9	1	0	0
ambient	41	ped_41	voice_type_0|voice_id_63|gender_1	22	492	24	-1	-1	-1	6	5	2266	900	0	63	1	-25.19	1
ambient	60	ped_60	voice_type_0|voice_id_88|gender_0	347	-1	-1	-1	-1	-1	-1	-1	-1	-1	0	88	0	0	0
ambient	13	ped_13	voice_type_0|voice_id_9|gender_1	347	-1	-1	-1	-1	-1	-1	-1	-1	-1	0	9	1	0	0
ambient	13	ped_13	voice_type_0|voice_id_9|gender_1	89	-1	-1	-1	-1	-1	-1	-1	-1	-1	0	9	1	0	0
ambient	13	ped_13	voice_type_0|voice_id_9|gender_1	345	-1	-1	-1	-1	-1	-1	-1	-1	-1	0	9	1	0	0
ambient	242	ped_242	voice_type_0|voice_id_108|gender_0	347	-1	-1	-1	-1	-1	-1	-1	-1	-1	0	108	0	0	0
ambient	48	ped_48	voice_type_0|voice_id_71|gender_0	22	500	21	-1	-1	-1	6	4	1965	1095	0	71	0	-27.1591	1
ambient	242	ped_242	voice_type_0|voice_id_108|gender_0	28	-1	-1	-1	-1	-1	-1	-1	-1	-1	0	108	0	0	0
ambient	242	ped_242	voice_type_0|voice_id_108|gender_0	74	-1	-1	-1	-1	-1	-1	-1	-1	-1	0	108	0	0	0
ambient	93	ped_93	voice_type_0|voice_id_171|gender_1	68	-1	-1	-1	-1	-1	-1	-1	-1	-1	0	171	1	0	0
ambient	242	ped_242	voice_type_0|voice_id_108|gender_0	344	-1	-1	-1	-1	-1	-1	-1	-1	-1	0	108	0	0	0
ambient	242	ped_242	voice_type_0|voice_id_108|gender_0	22	-1	-1	-1	-1	-1	-1	-1	-1	-1	0	108	0	0	0
ambient	148	ped_148	voice_type_0|voice_id_5|gender_1	347	-1	-1	-1	-1	-1	-1	-1	-1	-1	0	5	1	0	0
ambient	40	ped_40	voice_type_0|voice_id_62|gender_1	347	-1	-1	-1	-1	-1	-1	-1	-1	-1	0	62	1	0	0
police	280	lapd1	VOICE_EMG_LAPD1|VOICE_EMG_LAPD8	74	-1	-1	-1	-1	-1	-1	-1	-1	-1	1	20	0	0	0
ambient	21	ped_21	voice_type_0|voice_id_25|gender_0	347	-1	-1	-1	-1	-1	-1	-1	-1	-1	0	25	0	0	0
ambient	79	ped_79	voice_type_0|voice_id_17|gender_0	347	-1	-1	-1	-1	-1	-1	-1	-1	-1	0	17	0	0	0
ambient	63	ped_63	voice_type_0|voice_id_7|gender_1	347	-1	-1	-1	-1	-1	-1	-1	-1	-1	0	7	1	0	0
ambient	15	ped_15	voice_type_0|voice_id_16|gender_0	343	-1	-1	-1	-1	-1	-1	-1	-1	-1	0	16	0	0	0
ambient	56	ped_56	voice_type_0|voice_id_82|gender_1	45	-1	-1	-1	-1	-1	-1	-1	-1	-1	0	82	1	0	0
ambient	10	ped_10	voice_type_0|voice_id_3|gender_1	28	-1	-1	-1	-1	-1	-1	-1	-1	-1	0	3	1	0	0
ambient	7	ped_7	voice_type_0|voice_id_77|gender_0	22	506	23	-1	-1	-1	6	4	1036	327	0	77	0	-28.3067	1
ambient	64	ped_64	voice_type_0|voice_id_61|gender_1	74	-1	-1	-1	-1	-1	-1	-1	-1	-1	0	61	1	0	0
ambient	64	ped_64	voice_type_0|voice_id_61|gender_1	28	-1	-1	-1	-1	-1	-1	-1	-1	-1	0	61	1	0	0
ambient	64	ped_64	voice_type_0|voice_id_61|gender_1	344	-1	-1	-1	-1	-1	-1	-1	-1	-1	0	61	1	0	0
ambient	64	ped_64	voice_type_0|voice_id_61|gender_1	345	-1	-1	-1	-1	-1	-1	-1	-1	-1	0	61	1	0	0
ambient	64	ped_64	voice_type_0|voice_id_61|gender_1	343	-1	-1	-1	-1	-1	-1	-1	-1	-1	0	61	1	0	0
ambient	56	ped_56	voice_type_0|voice_id_82|gender_1	347	-1	-1	-1	-1	-1	-1	-1	-1	-1	0	82	1	0	0
ambient	47	ped_47	voice_type_0|voice_id_68|gender_0	22	497	21	-1	-1	-1	6	23	1691	1021	0	68	0	-24.5729	1
ambient	19	ped_19	voice_type_0|voice_id_26|gender_0	67	-1	-1	-1	-1	-1	-1	-1	-1	-1	0	26	0	0	0
ambient	7	ped_7	voice_type_0|voice_id_77|gender_0	68	-1	-1	-1	-1	-1	-1	-1	-1	-1	0	77	0	0	0
ambient	64	ped_64	voice_type_0|voice_id_61|gender_1	45	-1	-1	-1	-1	-1	-1	-1	-1	-1	0	61	1	0	0
ambient	10	ped_10	voice_type_0|voice_id_3|gender_1	118	-1	-1	-1	-1	-1	-1	-1	-1	-1	0	3	1	0	0
ambient	47	ped_47	voice_type_0|voice_id_68|gender_0	67	-1	-1	-1	-1	-1	-1	-1	-1	-1	0	68	0	0	0
ballas	102	BALLAS1	VOICE_GNG_BALLAS1|VOICE_GNG_BALLAS2	22	-1	-1	-1	-1	-1	-1	-1	-1	-1	3	1	0	0	0
ambient	64	ped_64	voice_type_0|voice_id_61|gender_1	192	-1	-1	-1	-1	-1	-1	-1	-1	-1	0	61	1	0	0
ambient	56	ped_56	voice_type_0|voice_id_82|gender_1	74	-1	-1	-1	-1	-1	-1	-1	-1	-1	0	82	1	0	0
ballas	103	BALLAS2	VOICE_GNG_BALLAS3|VOICE_GNG_BALLAS4	22	-1	-1	-1	-1	-1	-1	-1	-1	-1	3	3	0	0	0
ambient	79	ped_79	voice_type_0|voice_id_17|gender_0	165	-1	-1	-1	-1	-1	-1	-1	-1	-1	0	17	0	0	0
ambient	79	ped_79	voice_type_0|voice_id_17|gender_0	170	446	20	-1	-1	-1	6	122	1370	621	0	17	0	-19.4453	1
ambient	13	ped_13	voice_type_0|voice_id_9|gender_1	161	-1	-1	-1	-1	-1	-1	-1	-1	-1	0	9	1	0	0
ambient	79	ped_79	voice_type_0|voice_id_17|gender_0	169	-1	-1	-1	-1	-1	-1	-1	-1	-1	0	17	0	0	0
ambient	13	ped_13	voice_type_0|voice_id_9|gender_1	162	-1	-1	-1	-1	-1	-1	-1	-1	-1	0	9	1	0	0
ambient	79	ped_79	voice_type_0|voice_id_17|gender_0	167	-1	-1	-1	-1	-1	-1	-1	-1	-1	0	17	0	0	0
ambient	13	ped_13	voice_type_0|voice_id_9|gender_1	168	-1	-1	-1	-1	-1	-1	-1	-1	-1	0	9	1	0	0
ambient	13	ped_13	voice_type_0|voice_id_9|gender_1	45	-1	-1	-1	-1	-1	-1	-1	-1	-1	0	9	1	0	0
ambient	19	ped_19	voice_type_0|voice_id_26|gender_0	22	-1	-1	-1	-1	-1	-1	-1	-1	-1	0	26	0	0	0
ballas	103	BALLAS2	VOICE_GNG_BALLAS3|VOICE_GNG_BALLAS4	344	-1	-1	-1	-1	-1	-1	-1	-1	-1	3	3	0	0	0
ballas	104	BALLAS3	VOICE_GNG_BALLAS5	86	642	20	-1	-1	-1	7	171	1762	1458	3	4	0	-24.9	1
ambient	21	ped_21	voice_type_0|voice_id_25|gender_0	69	-1	-1	-1	-1	-1	-1	-1	-1	-1	0	25	0	0	0
ballas	104	BALLAS3	VOICE_GNG_BALLAS5	4	-1	-1	-1	-1	-1	-1	-1	-1	-1	3	4	0	0	0
ballas	104	BALLAS3	VOICE_GNG_BALLAS5	251	-1	-1	-1	-1	-1	-1	-1	-1	-1	3	4	0	0	0
ambient	243	ped_243	voice_type_0|voice_id_104|gender_1	347	-1	-1	-1	-1	-1	-1	-1	-1	-1	0	104	1	0	0
ballas	104	BALLAS3	VOICE_GNG_BALLAS5	144	-1	-1	-1	-1	-1	-1	-1	-1	-1	3	4	0	0	0
ballas	104	BALLAS3	VOICE_GNG_BALLAS5	43	-1	-1	-1	-1	-1	-1	-1	-1	-1	3	4	0	0	0
ballas	104	BALLAS3	VOICE_GNG_BALLAS5	65	-1	-1	-1	-1	-1	-1	-1	-1	-1	3	4	0	0	0
ambient	79	ped_79	voice_type_0|voice_id_17|gender_0	45	-1	-1	-1	-1	-1	-1	-1	-1	-1	0	17	0	0	0
ambient	48	ped_48	voice_type_0|voice_id_71|gender_0	347	-1	-1	-1	-1	-1	-1	-1	-1	-1	0	71	0	0	0
ambient	48	ped_48	voice_type_0|voice_id_71|gender_0	45	-1	-1	-1	-1	-1	-1	-1	-1	-1	0	71	0	0	0
police	280	lapd1	VOICE_EMG_LAPD1|VOICE_EMG_LAPD8	343	-1	-1	-1	-1	-1	-1	-1	-1	-1	1	20	0	0	0
ambient	19	ped_19	voice_type_0|voice_id_26|gender_0	347	-1	-1	-1	-1	-1	-1	-1	-1	-1	0	26	0	0	0
ambient	64	ped_64	voice_type_0|voice_id_61|gender_1	347	-1	-1	-1	-1	-1	-1	-1	-1	-1	0	61	1	0	0
ambient	19	ped_19	voice_type_0|voice_id_26|gender_0	344	-1	-1	-1	-1	-1	-1	-1	-1	-1	0	26	0	0	0
ambient	48	ped_48	voice_type_0|voice_id_71|gender_0	344	-1	-1	-1	-1	-1	-1	-1	-1	-1	0	71	0	0	0
ambient	48	ped_48	voice_type_0|voice_id_71|gender_0	89	-1	-1	-1	-1	-1	-1	-1	-1	-1	0	71	0	0	0
ambient	93	ped_93	voice_type_0|voice_id_171|gender_1	347	-1	-1	-1	-1	-1	-1	-1	-1	-1	0	171	1	0	0
ambient	93	ped_93	voice_type_0|voice_id_171|gender_1	28	-1	-1	-1	-1	-1	-1	-1	-1	-1	0	171	1	0	0
police	280	lapd1	VOICE_EMG_LAPD1|VOICE_EMG_LAPD8	220	-1	-1	-1	-1	-1	-1	-1	-1	-1	1	14	0	0	0
ambient	48	ped_48	voice_type_0|voice_id_71|gender_0	28	-1	-1	-1	-1	-1	-1	-1	-1	-1	0	71	0	0	0
police	280	lapd1	VOICE_EMG_LAPD1|VOICE_EMG_LAPD8	342	-1	-1	-1	-1	-1	-1	-1	-1	-1	1	13	0	0	0
ballas	104	BALLAS3	VOICE_GNG_BALLAS5	67	-1	-1	-1	-1	-1	-1	-1	-1	-1	3	4	0	0	0
ambient	21	ped_21	voice_type_0|voice_id_25|gender_0	28	-1	-1	-1	-1	-1	-1	-1	-1	-1	0	25	0	0	0
ambient	21	ped_21	voice_type_0|voice_id_25|gender_0	344	-1	-1	-1	-1	-1	-1	-1	-1	-1	0	25	0	0	0
ambient	21	ped_21	voice_type_0|voice_id_25|gender_0	89	-1	-1	-1	-1	-1	-1	-1	-1	-1	0	25	0	0	0
ambient	21	ped_21	voice_type_0|voice_id_25|gender_0	67	-1	-1	-1	-1	-1	-1	-1	-1	-1	0	25	0	0	0
ballas	104	BALLAS3	VOICE_GNG_BALLAS5	74	-1	-1	-1	-1	-1	-1	-1	-1	-1	3	4	0	0	0
ballas	104	BALLAS3	VOICE_GNG_BALLAS5	345	-1	-1	-1	-1	-1	-1	-1	-1	-1	3	4	0	0	0
ambient	101	ped_101	voice_type_0|voice_id_205|gender_0	22	-1	-1	-1	-1	-1	-1	-1	-1	-1	0	205	0	0	0
ambient	22	ped_22	voice_type_0|voice_id_32|gender_0	347	-1	-1	-1	-1	-1	-1	-1	-1	-1	0	32	0	0	0
police	284	lapdm1	VOICE_EMG_MCOP1|VOICE_EMG_MCOP6	199	-1	-1	-1	-1	-1	-1	-1	-1	-1	1	27	0	0	0
police	284	lapdm1	VOICE_EMG_MCOP1|VOICE_EMG_MCOP6	344	-1	-1	-1	-1	-1	-1	-1	-1	-1	1	27	0	0	0
police	284	lapdm1	VOICE_EMG_MCOP1|VOICE_EMG_MCOP6	220	-1	-1	-1	-1	-1	-1	-1	-1	-1	1	27	0	0	0
ballas	104	BALLAS3	VOICE_GNG_BALLAS5	342	-1	-1	-1	-1	-1	-1	-1	-1	-1	3	4	0	0	0
ambient	93	ped_93	voice_type_0|voice_id_171|gender_1	67	-1	-1	-1	-1	-1	-1	-1	-1	-1	0	171	1	0	0
ambient	47	ped_47	voice_type_0|voice_id_68|gender_0	343	-1	-1	-1	-1	-1	-1	-1	-1	-1	0	68	0	0	0
ambient	22	ped_22	voice_type_0|voice_id_32|gender_0	344	-1	-1	-1	-1	-1	-1	-1	-1	-1	0	32	0	0	0
ballas	104	BALLAS3	VOICE_GNG_BALLAS5	343	-1	-1	-1	-1	-1	-1	-1	-1	-1	3	4	0	0	0
emergency	274	ped_274	voice_type_1|voice_id_5|gender_0	89	-1	-1	-1	-1	-1	-1	-1	-1	-1	1	5	0	0	0
ambient	229	SOMOST	VOICE_GEN_SOMOST	45	-1	-1	-1	-1	-1	-1	-1	-1	-1	0	116	0	0	0
ambient	229	SOMOST	VOICE_GEN_SOMOST	28	-1	-1	-1	-1	-1	-1	-1	-1	-1	0	116	0	0	0
ambient	229	SOMOST	VOICE_GEN_SOMOST	344	-1	-1	-1	-1	-1	-1	-1	-1	-1	0	116	0	0	0
ambient	229	SOMOST	VOICE_GEN_SOMOST	345	-1	-1	-1	-1	-1	-1	-1	-1	-1	0	116	0	0	0
ballas	104	BALLAS3	VOICE_GNG_BALLAS5	86	-1	-1	-1	-1	-1	-1	-1	-1	-1	3	4	0	0	0
ballas	102	BALLAS1	VOICE_GNG_BALLAS1|VOICE_GNG_BALLAS2	200	-1	-1	-1	-1	-1	-1	-1	-1	-1	3	1	0	0	0
ambient	142	SBMYST	VOICE_GEN_SBMYST	344	-1	-1	-1	-1	-1	-1	-1	-1	-1	0	102	0	0	0
ambient	142	SBMYST	VOICE_GEN_SBMYST	345	-1	-1	-1	-1	-1	-1	-1	-1	-1	0	102	0	0	0
ambient	229	SOMOST	VOICE_GEN_SOMOST	89	-1	-1	-1	-1	-1	-1	-1	-1	-1	0	116	0	0	0
ambient	142	SBMYST	VOICE_GEN_SBMYST	28	-1	-1	-1	-1	-1	-1	-1	-1	-1	0	102	0	0	0
ambient	229	SOMOST	VOICE_GEN_SOMOST	343	-1	-1	-1	-1	-1	-1	-1	-1	-1	0	116	0	0	0
ballas	104	BALLAS3	VOICE_GNG_BALLAS5	4	-1	-1	-1	-1	-1	-1	-1	-1	-1	3	4	0	0	0
ballas	103	BALLAS2	VOICE_GNG_BALLAS3|VOICE_GNG_BALLAS4	28	-1	-1	-1	-1	-1	-1	-1	-1	-1	3	3	0	0	0
ballas	103	BALLAS2	VOICE_GNG_BALLAS3|VOICE_GNG_BALLAS4	252	-1	-1	-1	-1	-1	-1	-1	-1	-1	3	3	0	0	0
ballas	103	BALLAS2	VOICE_GNG_BALLAS3|VOICE_GNG_BALLAS4	56	-1	-1	-1	-1	-1	-1	-1	-1	-1	3	3	0	0	0
ambient	142	SBMYST	VOICE_GEN_SBMYST	45	-1	-1	-1	-1	-1	-1	-1	-1	-1	0	102	0	0	0
ballas	102	BALLAS1	VOICE_GNG_BALLAS1|VOICE_GNG_BALLAS2	28	-1	-1	-1	-1	-1	-1	-1	-1	-1	3	1	0	0	0
ballas	102	BALLAS1	VOICE_GNG_BALLAS1|VOICE_GNG_BALLAS2	344	-1	-1	-1	-1	-1	-1	-1	-1	-1	3	1	0	0	0
ambient	226	SOFYST	VOICE_GEN_SOFYST	347	-1	-1	-1	-1	-1	-1	-1	-1	-1	0	113	1	0	0
ballas	103	BALLAS2	VOICE_GNG_BALLAS3|VOICE_GNG_BALLAS4	344	-1	-1	-1	-1	-1	-1	-1	-1	-1	3	3	0	0	0
ballas	104	BALLAS3	VOICE_GNG_BALLAS5	344	-1	-1	-1	-1	-1	-1	-1	-1	-1	3	4	0	0	0
ballas	103	BALLAS2	VOICE_GNG_BALLAS3|VOICE_GNG_BALLAS4	74	-1	-1	-1	-1	-1	-1	-1	-1	-1	3	3	0	0	0
ballas	104	BALLAS3	VOICE_GNG_BALLAS5	345	-1	-1	-1	-1	-1	-1	-1	-1	-1	3	4	0	0	0
ambient	95	WMOST	VOICE_GEN_WMOST	347	-1	-1	-1	-1	-1	-1	-1	-1	-1	0	178	0	0	0
ballas	104	BALLAS3	VOICE_GNG_BALLAS5	89	-1	-1	-1	-1	-1	-1	-1	-1	-1	3	4	0	0	0
ballas	104	BALLAS3	VOICE_GNG_BALLAS5	28	-1	-1	-1	-1	-1	-1	-1	-1	-1	3	4	0	0	0
ambient	142	SBMYST	VOICE_GEN_SBMYST	347	-1	-1	-1	-1	-1	-1	-1	-1	-1	0	102	0	0	0
ballas	104	BALLAS3	VOICE_GNG_BALLAS5	343	-1	-1	-1	-1	-1	-1	-1	-1	-1	3	4	0	0	0
ambient	242	SMYST2	VOICE_GEN_SMYST2	347	-1	-1	-1	-1	-1	-1	-1	-1	-1	0	108	0	0	0
ambient	20	BMYRI	VOICE_GEN_BMYRI	347	-1	-1	-1	-1	-1	-1	-1	-1	-1	0	31	0	0	0
ballas	102	BALLAS1	VOICE_GNG_BALLAS1|VOICE_GNG_BALLAS2	89	-1	-1	-1	-1	-1	-1	-1	-1	-1	3	1	0	0	0
ballas	102	BALLAS1	VOICE_GNG_BALLAS1|VOICE_GNG_BALLAS2	345	-1	-1	-1	-1	-1	-1	-1	-1	-1	3	1	0	0	0
